{
  "n_samples": 1018,
  "n_features": 15,
  "pct_high_quality": 0.13457760314341846,
  "best_model": "Random Forest",
  "results": {
    "Regressão Logística": {
      "accuracy": 0.7892156862745098,
      "precision": 0.35714285714285715,
      "recall": 0.7407407407407407,
      "f1": 0.4819277108433735,
      "roc_auc": 0.8836576689684035,
      "cv_roc_auc_mean": 0.882899511835682,
      "cv_roc_auc_std": 0.025246043476854798
    },
    "Random Forest": {
      "accuracy": 0.9019607843137255,
      "precision": 0.7058823529411765,
      "recall": 0.4444444444444444,
      "f1": 0.5454545454545454,
      "roc_auc": 0.9156727348817744,
      "cv_roc_auc_mean": 0.8757686285345858,
      "cv_roc_auc_std": 0.040796694880793266
    },
    "Gradient Boosting": {
      "accuracy": 0.8823529411764706,
      "precision": 0.5714285714285714,
      "recall": 0.4444444444444444,
      "f1": 0.5,
      "roc_auc": 0.8863779033270558,
      "cv_roc_auc_mean": 0.8675089803813207,
      "cv_roc_auc_std": 0.03714972241045659
    }
  },
  "top_features": {
    "sulphates": 0.0287,
    "volatile acidity": 0.0154,
    "alcohol": 0.0139,
    "sulphates_chlorides_ratio": 0.0136,
    "alcohol_density_ratio": 0.0123,
    "citric acid": 0.0064,
    "fixed acidity": 0.0053,
    "density": 0.0045
  }
}